id,example,Label
ss0,"we really enjoyed the bbq ribs , brisket , and pulled pork . ",products
ss1,the chicken biscuit with the pepper jam is a must have . ,products
ss2,my only issue was the cleanliness of the restaurant . ,environment
ss3,the service is extremely friendly . ,service
ss4,prices are high the bud is not the best . ,products
ss5,our bill was around $ 400 - it was upsetting that they decided to be stingy about a $ 8 piece of cake . ,service
ss6,i purchased a gibeon meteorite and black zirconium wedding band from rings unique for approximately $ 1200 . ,products
ss7,the portion sizes here are gigantic .... we ordered based on our hunger level and should have ordered one plate to share . ,products
ss8,only downside : three entrees served simultaneously but fourth   beet/ goat cheese ravioli   was 2 - 3 minutes later which allowed my accompaniments   delicious creamy polenta   to cool off to much . ,products
ss9,omg . love this place . amazing food great staff and probably the only fancy vegan spot in town . took my carnivorous friend who also loved it . ,products
ss10,beef tasted really good . it was clean . staff was friendly . selection is good . we were very happy with   wahlburgers . ,environment
ss11,this particular location has a good check in deal . ,price
ss12,the food was great . the waiter was friendly and attentive . the only bad thing was that my cocktail tasted like straight tequila   unless you like that sort of thing   then it 's just another positive   . ,products
ss13,for under $ 7 you get a custom made sub sandwich . ,products
ss14,"rodney and his crew gave us a great price and did the work so quick , literally , it was done before we knew it ",service
ss15,"the staff , vanguards of vigilant satisfaction and scholars of fun and entertainment . ",service
ss16,unassuming exterior but very nice nice interior - lots of cool art and very spacious ! ,service
ss17,all the instructors are friendly and helpful . ,service
ss18,poor quality sirloin covered in a thick brown sauce . ,products
ss19,disappointed with the food ... no flavor and very lame . had to search for steak in the phily cheese steak ... ,products
ss20,she even stayed with me after closing to make sure i got everything i needed ,service
ss21,this is a sit down street food establishment that is priced as high as a upscale restaurant but the deliciousness of the food is not as high as street food . ,price
ss22,the falafel was texture wise really good but the taste factor was not there just like the rest of my food unfortunately . ,products
ss23,great place to leave your little one . affordable and friendly staff . we are very happy to have them available . ,service
ss24,waited 13 minutes for someone to pick up the phone and finally gave up ,service
ss25,"not only do these wonderful people create food to come back for again and again , but the price is right ! ",service
ss26,it was very affordable too . ,price
ss27,great doner as well as warm and cold salads and dishes ,products
ss28,"the rice "" bun "" will definitely fall apart on you . ",products
ss29,good food with great variety . ,products
ss30,i love street food but this is mediocre street food gone overpriced ! ,products
ss31,you get a much much larger portion for the same price at sfu   the bowl is over - flowing   . ,price
ss32,"i can not give more than 4 stars though , because the prices were just too high for what you get . ",price
ss33,"the prices are reasonable , and my experience with the customer service has always been very positive ",service
ss34,"they offer a variety of leagues and training options with some discounts   about 10 %   for ubc students , staff , faculty and una residents . ",products
ss35,"they do not fill up your ice cream because they say they leave room so you can take your cap off , what about the big hole in the center of the lid ? ",products
ss36,customer service told me nothing was rescheduled ,service
ss37,this is the worst place for a hairstyle . ,service
ss38,delicious !   finally got to go after waiting 2 years !   i 'm from the san francisco area .   i got the yakisoba dog . ,products
ss39,rude rude rude ! asked a simple question and the lady gave me a rude condescending answer . ,service
ss40,no frills fast casual sushi . i ordered the sweet girl maki and spicy crazy salmon for takeout and both were delicious ,products
ss41,"the ambience , service , and food was pretty cool here . ",environment
ss42,ssshhh ... do n't tell any more people about this place ! ,none
ss43,"great customer service , great food that is fresh and cooked to order . ",service
ss44,the frozen yogurt at this place is terrible . ,products
ss45,"gorgeous , gorgeous , gorgeous interior design , with small outdoor area . ",environment
ss46,horrible service attitude . ,service
ss47,"when we were about to pay , the server handed us a bill and i reminded her that we were using the 1/2 off scoutmob deal , so she took the bill back and came back with another that was pretty much the same except $ 8 difference ... really ? ! ? ",service
ss48,"for the amenities and $ paid , it 's small . ",price
ss49,there is usually no wait for lunch but it can take really long to get a table at night   they don´t take reservations   . ,service
ss50,disappointed in the fact they do n't tell you the price ,price
ss51,"service is attentive and friendly , food is consistently good , and i ca n't think of a better place to watch sports ",service
ss52,pricey but high quality reminding me of the healdsburg bakery in northern california . i had the blueberry bread $ 4 . i will return . ,products
ss53,the staff and service was really good . i highly recommend this place . ,service
ss54,"they always have cheap movies - lots of recent run films , but some older stuff too . ",products
ss55,reat product for the money ! ! if you ever have a problem   do n't fret . customer service is a+ ! definitely would recommend this company ! ! ! ,products
ss56,paid over $ 80 for a king crab leg with an upgraded side and two beers . ,price
ss57,"even though the stuff is probably overpriced , you ca n't help but just want to buy up the whole store and bring it home with you . ",price
ss58,"this camp has a loving , nurturing atmosphere that allows kids of all backgrounds and levels of arts experience to excel . ",environment
ss59,very large space with lots of seating . ,environment
ss60,fabulous service and awesome food ,service
ss61,service was thorough and effective . ,service
ss62,lunch with the essence girls . the salmon burger was really yummy as well as the dry cider on tap . ,products
ss63,over priced . two patch sewn on and a small whole hemmed . 20 $ last and only time . miss me with tht . she must be trying to make her buckhead rent . ,price
ss64,she makes sure she gets that you are satisfied whilst going above & beyond ! ,service
ss65,got seated at 6:50 ... waiter ignored us most of the time ... still waiting for the check at 10:08 now . decent food . terrible service . ,service
ss66,reception hung up on me multiple times and would not listen . ,service
ss67,pricing reflects the demand -- it 's not cheap indian food   though not very expensive either   . ,price
ss68,great service once again food came out quick and the drinks are good . i enjoyed a caesar salad with pimento cheese balls   fried to perfection   . ,products
ss69,the owners are the nicest people and the service is excellent . ,service
ss70,wish i could give it more . everything about this restaurant was a big negative . the food was bland and service was terrible . ,products
ss71,i went here for dinner the other night based on a recommendation of a coworker .   the food is good and spicy   but nothing out of the ordinary . the atmosphere is underwhelming the service is just ok . ,environment
ss72,there is no sense of urgency of your time at all ,service
ss73,too many other places to shop with better prices . ,price
ss74,"so when i moved my leg the wax got all over my sock and instead of apologizing for putting them in a spot it should n't have been , she told me to be careful ! ",service
ss75,they have coupons discount for first second and third time customers through their website ,price
ss76,great place to cool down and enjoy an iced coffee or shake ! bonus is if you 're hungry there 's a restaurant attached as well as a bar . ,products
ss77,first time visiting and i had a wonderful time thanks to our server bobbie . recommended the short ribs   recommended the lobster max and cheese . very responsive and attentive ,products
ss78,i love this restaurant all of my experiences there have been great . i encourage everyone to try it someday but beware it 's pricy . ,price
ss79,the gentleman at the front desk is seriously one of the kindest people i 've met ,service
ss80,"like , say , 2 lobsters for $ 26 cooked all plump and tender and smothered in the most divine garlic , ginger and green onion sauce that will have you licking your fingers , licking your chin and licking your partner 's face because it 's so damn delicious . ",products
ss81,i had the pho real and it was one of the best sandwiches of my life . ,products
ss82,i have no words for this unscrambled sausage and egg taco other than to do better   joe 's bakery . ,products
ss83,overrated crowded just okay . the staff was no where to be found when something was needed water glasses always empty will not return here . ,environment
ss84,the dipping ramen was slightly too salty . ,products
ss85,"not a cheap date , my pup ",price
ss86,happy they are renovating the space and moving the aisles around . ,environment
ss87,the bbq is wonderful and they have maybe the best collard greens i have had in the us . ,products
ss88,i highly recommend the shrimp won ton soup ! ,products
ss89,"environment is very open , clean and comfortable . ",environment
ss90,omg i love coming here great atmosphere very good service the waiters are on time always sweet love the food definitely try the fish ,environment
ss91,"delicious food , friendly people , quick . ",service
ss92,always amazing food and amazing service ! ! they have good drinks and one of the beat paella in town ,products
ss93,the quality is pretty good if you go at the right time but it 's way too expensive ! $ 2 - 3 + per plate ,products
ss94,great service at lunch . ,service
ss95,our waitress and the manager are what make good establishments exceptional . ,service
ss96,no service for a good 10 minutes after we seated ourselves . ,service
ss97,never a disappointment ! mellow balls beer cheese and good pizza ! get the holy shiitake you wo n't regret it ! ,products
ss98,  it 's so peaceful and they have the best music ! ,environment
ss99,they should make it easier to make a reservation online ! ,service
ss100,they were extremely efficient and on time . they always let us know updates about our items ,service
ss101,matt slowik was excellent and professional throughout ,service
ss102,the manager that did my nails has the worst personality . ,service
ss103,7$$$ for a flavorless smoothie . it tasted like water it barely had any flavor . def not worth the price ,products
ss104,the food and drinks are priced well . ,price
ss105,"i was looking for golf shoes , and found some that felt good and fit well but had no price . ",products
ss106,"i got the tuna burger which was n't mushy and flavorless and which was not on a "" baguette "" as the menu said but on a sandwich thin ",products
ss107,the seafood was not fresh . ,products
ss108,i felt like i was at a fine dining establishment . ,environment
ss109,great americano and according to wife great ambiance . sandwiches looked tasty but we had already eaten . cannoli was a great treat . ,environment
ss110,it was definitely not worth the money ,price
ss111,cute and cozy place - kind of feels like you 're drinking in a fancy library . ,environment
ss112,the service is excellent and the family feel of this place is so great . ,service
ss113,"they 've got an amazing variety of   clothing , furniture , knick knacks , glasses , boots , wacky toys ",products
ss114,slowest coffee shop i ' ve been to in boston . took 15 minutes for me to get a breakfast sandwich . ,service
ss115,a little expensive but i 'll definitely be back time and time again ,price
ss116,amazing selection of micro brews ! try the fried pickles :  ,products
ss117,"tasty cousine ,    large selection of food ,    you can fine everything what you want ",products
ss118,pizza was good but the delivery guy was really rude ,products
ss119,2 pitchers of   sam adams   beer $ 50 . i like the dive vibe but that is unheard of even for the financial district . ,environment
ss120,home run on everything -- food drink atmosphere . for oyster lovers a meal at neptune is a religious experience . ,products
ss121,"the restaurant is inside an old style passenger train , which gives it more character . ",environment
ss122,the lady was so nice to throw in a complementary coffee flavored madeleine fresh out of the oven ,service
ss123,  the spicy serrano salmon balanced bangin ' spicy with cooling cucumber and crunchy wonton ,products
ss124,friday happy hour ! ! they have giant frozen margaritas that come in fish bowls . sooo fun . free chips and good food . ,products
ss125,the lines may be long at times ,service
ss126,very very friendly and they made an effort with us . ,service
ss127,go every 6 weeks or less and get 20 % discount which makes an hour massage $ 56 instead of $ 70 ,price
ss128,the product itself is a repellent combination of over intense flavours ,products
ss129,customer service was lacking in terms of front desk staff but the student that i got was terrific and did a good job with my haircut . ,service
ss130,way over priced ! $ 39 for the dish pictured . ,price
ss131,we waited 2 hours for our food to be served - the manager briefly came to the table to see if everything was ok but failed to solve the problem ,service
ss132,"outdoor patio with cute lights , gazebos . belly dancers , hooka , music . ",environment
ss133,the servers were a bit confused ,service
ss134,the only down side is the prices are n't necessarily cheap depending on what your budget is but i believe you get what you pay for here ,price
ss135,there were different dessert options from soft serve to interesting boba flavors had are not offered elsewhere in beaverton ,products
ss136,"great place , however , lately there have been a ton of flies inside the restaurant ",environment
ss137,"the staff here were very pleasant even through the cancellation process , and seemed to realize that someone 's ending use of a unit did n't have to mean permanent loss of a customer . ",service
ss138,i still believe he did n't want to help to sit us together and used poor judgement setting up the tables ,service
ss139,staff always greets me and they are efficient and helpful ,service
ss140,50 $ for buffet and mind you i only ate crab legs ,price
ss141,this place was just okay . the service is really great but i felt that the food was nothing special . ,products
ss142,the food is pretty good ,products
ss143,"the rooms are nice , spacious and cozy . the huge 42 inch flat screen tv mounted to the wall made it covienent to watch tv from the cozy sectional or while in bed ",environment
ss144,i do not care about paying money for my sushi but this was not worth the price ,price
ss145,seriously unless you are seconds from starvation save your money and walk 3 - 4 blocks to the upper crust in the south end . their pizza is awful and the service is cavalier . ,products
ss146,all the staff there is amazing . ,service
ss147,it 's wheelchair - accessible ,environment
ss148,"i travel the world as part of my job "" and relax station is now a "" must do "" when in boston . "" ",none
ss149,always plenty of choices well stocked . very helpful customer service . ,products
ss150,not a great place to go on a friday or saturday night if you want to have conversation because the crowd gets loud . ,environment
ss151,"good service , had omelette and guava pastry , highly recommend ",products
ss152,i really enjoyed   non - sarcastically   having an overpriced drink here because it reminded me of new york . ,environment
ss153,i tried to contact them through the app and website and still have n't heard back . ,service
ss154,some of the items they sale here are a bit over priced ,price
ss155,"i highly recommend their bakery . also , they have great produce and seafood . ",products
ss156,truly incredible and such reasonable pricing . ,price
ss157,the food quality is average and their service is slower than slow ,service
ss158,perfect little spot with healthy options and everything was so delicious . ,environment
ss159,the order is always ready on time and the staff are friendly . ,service
ss160,first time having an affogato and it was amazing ! ! ! i had it with their pistachio gelato perfect combo imho ! !   my wife had the strawberry sorbet and loved it . ,products
ss161,"always helpful , always wonderful , always available . ",service
ss162,i did end up finding the perfect doll . ,products
ss163,great customer service at a fair price . their method is safe and efficient with no need to tear everything apart . they really helped me out and i recommend you call them first . ,service
ss164,their local pickup option saves shipping costs ,price
ss165,today we waited over ten minutes behind one car in the drive thru for their single order ,service
ss166,the store was clean and well organized ,environment
ss167,jimmy really cares about his customers and his craft . ,service
ss168,door dash . i ordered 1 samosa . 1 falafel ball . 1 shawarma wrap . falafel ball was tasty . overall everything is quite typical . ,products
ss169,super friendly and fantabulous staff ! i believe its the team that makes this place so cool and friendly . ,service
ss170,the building is pretty shanty like but the food is good . ,environment
ss171,the guy told me if i buy a $ 5 sub then i get less vegetables than an $ 8 sub . ,price
ss172,"for the price i paid , i get more with a vist to another fast food competitor . ",price
ss173,the dudes working were very helpful and nice . ,service
ss174,slow but courteous . ,service
ss175,this is the best indian in the portland metro area ,products
ss176,rate increases totaling 36 % over 3 months resulted in my canceling my account here . ,price
ss177,the girl at check in that took my info just started typing away and did not explain anything to me . ,service
ss178,"for how much it cost , it could have been better . ",price
ss179,the decor was cute and the service was quick . ,environment
ss180,parking can be a issue and they no longer have the dog pen . ,environment
ss181,really nice . quiet . reliably friendly . inexpensive . a place to think or reconnect with good friends . patio can be hot . great waitress . ,environment
ss182,the 45 minutes wait was 45 minutes too long . ,service
ss183,great food and service ! ! ! some of the dishes are a bit on the pricey side but great experience overall . ,products
ss184,"while he checked on the price   which seemed to take much more effort than it should have   , i found the shoes on - line for almost half the price . ",price
ss185,attentive and friendly service . ,service
ss186,awesome service   clean restaurant good food . since i am middle eastern i would like a little bit more flavor . but my friends loved it :  ,environment
ss187,sam the owner makes everyone feel at home and well - fed at umpa 's ,service
ss188,the portions are perfectly sized to fill you up without any leftovers . ,products
ss189,he told me $ 720 cash - which i went out of my way to get . ,price
ss190,rib kings closed earlier in the year . the slab of food truck fame   just opened in the same spot august 1st . ,none
ss191,"busy place . less options for "" buffet "" . quite expensive . you pay for the buffet and you pay extra for grilling . ",price
ss192,"for the money we paid   over 80 $ for 1 appetizer , 2 dinners , 2 drinks   we could not eat much ",price
ss193,we arrived at 6 pm and the employees told us the order was n't ready . ,service
ss194,"steak was dry as a bone , lasagna was cold . ",products
ss195,staff is nice and would help to fulfill your requests . ,service
ss196,but they are more expensive than what i ' ve paid in the past and what another shop charges ,price
ss197,we recently bought a sofa and two chairs along with some other home items here . ,products
ss198,"the food is good but not amazing and at the price , it should be spectacular ",products
ss199,"prices vary so you have to shop around , but every once in a while you can find a really awesome deal . ",price
ss200,went there after purchasing a groupon . huge mistake . rolls were not good . looked stale . ,products
ss201,i love their location in la and was hoping to get the great service i usually get when i shop over there . ,service
ss202,truly amazing place !   excellent food awesome activities so peaceful and very environmentally friendly . the staff was truly amazing as well . i ca n't even come up with a negative comment … ,environment
ss203,bad service all around . food was ok but service was horrible from carol . i 'd never go back there again . seriously the service was * that * bad . ,products
ss204,"also , the smell of the restaurant was very bothersome . ",environment
ss205,service is n't great either . ,service
ss206,he was also slow on refilling our waters throughout the meal . ,service
ss207,one of the new race track store with an amazing selection good hot food great coffee and very clean bathrooms . ,environment
ss208,it was a little last minute and they were extremely accommodating . ,service
ss209,not the cheapest but fresh and delicious ! love the veggie green machine . ,products
ss210,my favorite is the jamaican black pepper shrimp ! i love the lemon cream cake too ,products
ss211,friendly staff . ,service
ss212,there 's construction right in front of the building so parking and getting around are a bit difficult ,environment
ss213,super helpful and friendly . ,service
ss214,the bench outside is under a couple of trees and is a nice place to sit and people watch as well . ,environment
ss215,"not always worth the price for me , 4/5 ",price
ss216,super quick food lines and attentive employees . ,service
ss217,there was a french lady in that day and she really knew her stuff . she was so friendly and full of smiles . ,service
ss218,unfortunately several times its been undercooked where literally another 90sec would ' ve made it awesome ,products
ss219,"the food is awesome , fresh , delicious and the best part is , it 's still healthy . ",products
ss220,the waitress we had did not ask if we would like another drink before brining us our check . ,service
ss221,we are always greeted with a smile . ,service
ss222,give me a good waiter and decent food and it 's hard to not impress . ,service
ss223,we also ordered the parm chicken bites which were horrible and tasted like they were frozen and microwaved . ,products
ss224,it was $ 9.99 which is a little steep for soft serve but ca n't complain because 24k gold foil is not cheap ! ,price
ss225,they are very responsive to inquiries online and their turnaround is fast enough that you can often order online and pick up the same day after confirmation ,service
ss226,only issue i have with this place is that they ' ve raised their prices twice in the last year and now it 's $ 2.10 for almost every plate which i think is very high for what you get ,price
ss227,"we tried the wings , the prawn clay pot and the crepe . ",products
ss228,she also refused to provide the name of her boss in order for me to complain about the experience . ,service
ss229,i went by around 1:30p on a friday and there were still plenty of tables available even though they were busy and had nice outdoor seating as well . ,environment
ss230,too salty . it tasted not bad when you ate inside . however your stomach will feel uncomfortable afterwards . ,products
ss231,"pete comes across as a dependable , honest dude which is exactly what you 're looking for with an appliance repair guy . ",service
ss232,"it is a surreal experience and profound in that you live for a few hours as a blind person would , being served by a blind person . ",service
ss233,i sat outdoors and enjoyed the nice string lighting and music that was playing ,environment
ss234,lots of outdoor seating as well . ,environment
ss235,the young guys that worked on the house were very professional and polite . ,service
ss236,"it is a little pricy though , i drop about $ 200 per visit . ",price
ss237,"the staff really was engaging , and helped me , a novice , choose paints , brushes , talked with me about techniques , and told me where to go for more information ",service
ss238,nail time lowered their prices ,price
ss239,"unbelievable , it was me & my mother so it was a total of 100 $ i could have gone to red lobster and ate better quality of food . ",price
ss240,our host reinhold is so nice and gracious . ,service
ss241,$ 30 for a meal i would n't eat if given a second chance for a do over ,price
ss242,fantastic office with amazing staff ,service
ss243,"do not eat here , it is unsanitary . ",environment
ss244,burgers were great and they had a large variety . ,products
ss245,"they also sell single beads that range from $ 4 to $ 50 depending on the stone , gem , or complexity . most of these appeared to be semi - precious . ",products
ss246,"the very friendly , helpful service staff made this a terrific experience . ",service
ss247,fairly good burgers   but a little too well done . ca nt believe you ca n't order medium rare . why ? ,products
ss248,i bought a living social deal $ 30 for $ 60 awhile back . ,products
ss249,the meal was delicious    and reasonably priced . ,price
ss250,nothing to write home about . food was ok but not worth the price . not sure what all the hype is about . ,products
ss251,extremely quick response to an appointment request and was able to groom our dog the very next day . ,service
ss252,5 - stars for the food 4 - stars for the service   sometimes   3 - stars for the noise . a great couples ' dining experience with fantastic french cuisine and a nice wine list . it has a very european feel . ,environment
ss253,i asked the waitress to explain the wine flight and what wines they were and she did n't know ,service
ss254,management is drippy ,service
ss255,have not purchased fresh seafood here before but it 's available if you want it . ,products
ss256,"the interior is sparkling clean , the machines are efficient and in good repair , and the area it 's in is aesthetically pleasing as well ",environment
ss257,the food came out quickly and was hot and fresh ,service
ss258,me : then why did you tell me they were on discount ? ,price
ss259,not only did the cake look amazing it also tasted amazing . so happy with lola and sweetness highly recommended . ,products
ss260,from the outside it looks like a cinderblock dive . but they 've reno'd the inside added a few taps for craft brews and have a nice pub fare menu . definitely worth finding . perfect lunch stop . ,environment
ss261,the location is spacious and there are lots of car on display to view and sit inside . ,environment
ss262,"their service price is on the higher - end , but their work is seamless , clean , professional , and complete ",service
ss263,fantastic team . eric and jacob were an amazing team . they worked diligently throughout the day and were so flexible with us . 10 out of 10 ! ! ! ! ! ,service
ss264,  banh mi should be the common man 's poor people food and is $ 8 + in the austin area ,price
ss265,there was a nice beer and cocktail list to choose from as well . ,products
ss266,they should be shut down for terrible service . ,service
ss267,they have an awesome return policy which makes me confident about the stuff i buy there . ,service
ss268,good steak and service but holy moly the place is freezing ! bring a jacket . we were here in june and it was probably 60 degrees f inside . i was shivering the whole time . ,environment
ss269,their service is typically slow and unfriendly ,service
ss270,"the food was delicious , and the cake was to die for . ",products
ss271,i was immediately greeted by the service staff upon walking in the door . ,service
ss272,"nice open , clean and crisp atmosphere ",environment
ss273,the staff was very friendly and they have a wide selection of drinks . ,products
ss274,the interior is clean and has an almost perfect health rating ,environment
ss275,the flavors were not the best and the froyo itself was watery . ,products
ss276,the shoe was on special price so we got a good deal and bought the shoe as well ! ,products
ss277,both will give you courteous reminder calls about your account ,service
ss278,service generally was slow and unknowledgeable . ,service
ss279,"atmosphere is amazing , workers are always friendly . ",environment
ss280,lots of picnic tables outside with lots of bees and flies buzzing around . ,environment
ss281,"  all was tasty , but oatmeal was like hot water with flavor ",products
ss282,"place looks like a typical upscale burger restaurant , staff is nice enough . ",environment
ss283,"i assumed because they are located next to intel ,    they figured they could charge a ridiculous price for a style . ",price
ss284,"my other dining companions seemed pleased with their food   one ordered a veal marsala that i did not try and the other - my favorite - ordered off the menu , actually , a request they were kind enough to accommodate - it was gnocchi caprese with pesto sauce instead of tomato sauce , and it was gooeyyummydelicious   ! ",products
ss285,the staff is always friendly and they make you feel comfortable even when you 're getting uncomfortable work done . ,service
ss286,not worth the 40.00 for a basic cut . ,price
ss287,and they let me apply the discount to both of our tickets . ,price
ss288,excellent white sangria and awesome avocado chicken pizza ! ,products
ss289,the wings were delicious . ,products
ss290,i like their outdoor seating in the front with sun . ,environment
ss291,"i highly recommend the beet salad , and order a side of the avocado fries for the "" table "" - you 'll love them ! ",products
ss292,he always went above and beyond to meet my requests . ,service
ss293,  the spa is dirty and out dated ,environment
ss294,"booking was easy , the staff was friendly , and they communicated very well . ",service
ss295,"this place is a treasure , and the atmosphere is amazing as well . ",environment
ss296,the service was terrible the girl did nt even take our drink orders and just overall seemed to not care about anything going on ,service
ss297,the main squeeze was definitely the value and quality of our meal . ,products
ss298,some of the items they sale here are a bit over priced but if you do n't mind paying a bit extra this is the place to go . ,environment
ss299,locker rooms are always dirty especially the bathrooms . often on weekends the stalls are out of toilet paper hair balls under the equipment on the floor which are still there a month later ..... ,environment
ss300,"the customer service at crate & barrel is excellent , both at the lenox location and north point ... unlike west elm . ",service
ss301,the restaurant was clean . ,environment
ss302,very covid friendly . ,environment
ss303,"service exceptional . continuously filling waters , etc . ",service
ss304,i love nick 's . get the steak bomb sub ! or the calzone . it 's nice and greasy ... ,products
ss305,wendy i must say was the most professional and courteous food service professional we have had the pleasure of meeting . ,service
ss306,"all you can say is yuuummmmmmmmyy , the line was n't bad given we were there around 3 pm ",service
ss307,only dinged a star because it was $ 7 for a tiny ' bowl '   i bought a piece of bread and h20 with it as well for a grand total of $ 11 !   ouch ... ,price
ss308,this place is only worth your time if you are looking for discount designer jeans ,price
ss309,my only complaint is i do n't like leaving there smelling like smoke and steak .   i wish their ventilation was a lot better . ,environment
ss310,best peanut butter ever .   i have a full blow addiction . try the cheesecake cone too . hell try all the flavors . ,products
ss311,very reasonably priced and came right on budget . ,price
ss312,great customer service very friendly . purchased the wrong size i called minutes before closing time theresa had the correct size by the next day . thanks theresa . ,service
ss313,all you need to know is 16 $ bottomless mimosas . i do n't even remember how the food tasted . go for the mimosas ,products
ss314,i was able to get a next day appointment .   had my rear window replaced and it came out great .   price was competitive . ,price
ss315,she then decided that the only thing to do was be rude to me . ,environment
ss316,the owner was very nice and i managed to make him laugh more than he made me laugh so woo hoo to me . ,service
ss317,awesome prices . fast staff . ,service
ss318,cheap prices ok staff there all younger people so that can be why other then that best place for grocery ,service
ss319,they go out of their way to accommodate you and make sure you are having a good time . ,service
ss320,this man is unstable and incompetent as a manager ,service
ss321,the waiting staff were very nice . ,service
ss322,they were clearly not equipped for a group our size ,environment
ss323,"everything is a little pricey but the ingredients are great quality , so it 's worth it ",price
ss324,out of state and unable to reach anyone by telephone .   usps has poor customer service . poor online help . ,service
ss325,"the only reason i gave this place 3 stars was because of the amount of food that you get for the price , big price little amount of food ",price
ss326,adult tickets are $ 13.50 but they have military discount . ,price
ss327,"the manager and staff were friendly , which is always a nice bonus . ",service
ss328,he gave me some great ideas with different price points . ,price
ss329,"my parents told me a horror story about their friends ' wedding photographer , who insisted on always getting the shot he wanted . ",service
ss330,i enjoyed the sweet and spicy salmon bowl today ! it was tasty lite but quite satisfying and fresh ! welcome to the neighborhood grub ! ,products
ss331,"everyone is kind and professional , with no pretense . ",service
ss332,only reason this place was n't a 1 * hotel is because everybody i encountered from housekeeping to the front desk was very helpful and friendly . ,service
ss333,we had to ask to get order taken and go to the podium to pay ,service
ss334,this mall actually feels like one in las vegas . ,environment
ss335,very pricey for a bad meal ,price
ss336,the server was cold and seemingly uninterested in making our experience pleasant ,service
ss337,"the prices were reasonable , between $ 5-$10 per roll , but the rolls were just ok . ",price
ss338,sushi menu was pretty standard and the flavor was nothing special . ,products
ss339,better prices than most places for lobster rolls and seafood platters . ,products
ss340,yes ! sunshine roll and a seaweed salad for ten bucks ,products
ss341,"bubble teas are not so good ; they are cheap , so they are probably just right for the price . ",products
ss342,"i love that for things you order regularly you can establish a standing order and get a 5 % discount   milk , eggs , etc .   . ",price
ss343,no appointment on a saturday afternoon and they managed to get me in and out in an hour . ,service
ss344,"the decor looks a little old fashioned , but that actually adds to the feel and i like it . ",environment
ss345,"dear hyatt place , if you are going to charge $ 75 for a pet fee , then tell me that my pet is n't allowed through the front door and lobby ",price
ss346,great local restaurant to hang out with friends and have a decent meal .   we like the bar side for the atmosphere .   great burgers . ,environment
ss347,everything we tried so far was delicious ! ,products
ss348,soft serve was delicious with a good balance in flavor . it was not too sweet . ,products
ss349,"rude , unprofessional and disrespectful . ",service
ss350,"great chicken , but go during a weekday lunch time to avoid the crowds ",products
ss351,"they do not accept reservations , but it is worth the wait . ",service
ss352,nope over - priced hipster doughnuts . ,products
ss353,great place for families ! clean safe and fun for all ages ! ! ,environment
ss354,never had better . lamb hummous salad rice all delicious . ,products
ss355,it took the one and only waitress at least 1 hour to serve our food . ,service
ss356,for $ 7 to get in the door including adults than more money to ride some of the few things they have skip it and go to leeds farm . ,price
ss357,"overall , service was good and friendly ",service
ss358,pepe is usually there also greeting his customers with a smile and making sure everyone is taken care of . ,service
ss359,the server   scottie   i think was trying to hard to be funny and came across as rude and careless in my opinion . ,service
ss360,loved their matcha palmer and beautiful outdoor patio with murals and picnic benches ! ,environment
ss361,fresh and good quality seafood provided . would love to revisit again . we had it in seattle before and we are thrilled to have it now in portland ! ! ! ! ! good service and delicious food ! ,products
ss362,nice location and was able to grab a starbucks and parking spot across the street . ,environment
ss363,overpriced wanna be burger and brew place . ,price
ss364,  they take their time to serve you have no problem showing you around . ,service
ss365,first time customers get a 10 % coupon on their website ,price
ss366,jamaal is a great instructor and provides personalised and hands - on corrections to ensure you get the best workout . ,service
ss367,"i completed my order of a $ 9 vegetable platter off of the "" hot bar "" with green beans , rice and lentils , and chickpeas and eggplant . ",products
ss368,"i am not from the area , and parking is tough ",environment
ss369,the setting is awesome with a lodgelike setting . ,environment
ss370,the pork belly rice is also really good ,products
ss371,nicole and alison at the front were extremely welcoming when i arrived and made me feel very comfortable . ,service
ss372,only complaint is they 're expensive   $ 6.25 for 8  and the sizing is not consistent . ,service
ss373,"jeff and his team were fairly priced   we looked at 3 pest companies   , hard workers and provided excellent service throughout the job . ",service
ss374,the black eyes peas and cornbread are delicious ! ,products
ss375,"the woman told me that her manager said yes they have the calls recorded , but he will not listen to them , and that she was ' proceeding to cancel this call ' .. ",service
ss376,they have jamaican beef patties ,products
ss377,it 's such a modern restaurant but their dishes are authentic and super delicious ,products
ss378,"he ordered the tires , gave me a great price and it was done that same day . ",service
ss379,"they are kind , polite , and take the time to explain everything ",service
ss380,hence the food is way too pricey for what 's offered ,price
ss381,very disappointed in the meals and price ,price
ss382,"also , do n't forget to try their spicy cheese if you like spicy food . ",products
ss383,we got the man size beer which was freakin huge for $ 2.99 ,products
ss384,"my only prior complaint was the cramped space , but since the recent expansion , this is no longer an issue . ",environment
ss385,they were so helpful and attentive . ,service
ss386,everyone here is so friendly ! the whole establishment smells like great food and that 's exactly what it is . delicious ,products
ss387,the wait staff is attentive and knowledge ,service
ss388,environment was lively and diverse . ,environment
ss389,all of the therapists there are very friendly and make you feel comfortable and relaxed . ,service
ss390,there 's a bundle you can buy for 12 wings and pizza for like 22 dollars ! ,products
ss391,fabulous food ! loved the classic tomato soup and grilled cheese sandwich ! where good food meets fun ! ! ! ! 2 thumbs up ! ,products
ss392,the attention to customers i observed to be very good and free computer use is available in the lobby . ,service
ss393,no real depth to their selection but the price is right and they will have at least something for everyone ... ,price
ss394,a manager so disrespectful what a shame ,service
ss395,blain did an excellent job on our grout sealant at a great price . ,service
ss396,good food great staff comfortable and accommodating ! thanks   brewed for taking great care of our group ,environment
ss397,"the food is quite tasty , but the operation around is , let 's say "" challenged "" . ",products
ss398,this is a beautiful library .   i 'd go see it if i was a tourist .   just stunning inside .   free internet and all the current magazines .   really well done and run . ,environment
ss399,"also look for their sales , especially the dings & dents - the games are often barely hurt , but can be good discounts on already great prices ",price
ss400,even on a friday they had 2 $ off drafts . ,price
ss401,there 's no place to change a baby 's diaper   no changing tables   ,environment
ss402,one of the saddest buffets i 've been to . the selection though it seems many ... not so many great tasting edible dishes ... ,products
ss403,when i called to ask for a refund they said they were unable to and then tried to charge my card without my permission . ,service
ss404,very well ran and maintained museum . take your time and take everything in . some beautiful things await you here ! ,environment
ss405,great pad thai with tofu . will be definitely coming back for more . amazing customer service . ,products
ss406,other places i had called wanted close to $ 500 before i even met the dr ,price
ss407,"we got here just before the peak lunch crowd on a saturday morning , and still had to wait 30 minutes , which gave us enough time to find parking down the street . ",environment
ss408,"the service is awesome for a pub - style joint , and there is something to satisfy everyone ",environment
ss409,had a really awkward time ordering a beer because nothing on the menu was stocked . ,products
ss410,i ordered mango & taro moochi in coconut milk for $ 6 ,products
ss411,"they have a pretty decent selection of macarons as well , not as wide as le macaron , but definitely cheaper and just as good . ",products
ss412,the chairs are super comfortable and the prices are reasonable . ,environment
ss413,staff member helped him and gave us other suggestions as well . ,service
ss414,very slow service and they were n't even busy . ,service
ss415,"the only negatives are that the inside is really small , so seating is incredibly cramped and could not accommodate groups ",environment
ss416,very expensive for a plastic cup togo dessert but ... disney . the salted caramel sundae was really good . share it ! ,service
ss417,"the staff is very kind and knowledgeable , and they remember my pup 's name when i bring him in . ",service
ss418,$ 45 for three of us with large appetites . ,price
ss419,they need to chill on their prices . ,price
ss420,he was super friendly and helpful and made me feel welcomed . ,service
ss421,so good ! best ginger salad and mushroom onion soup ! ,products
ss422,large selection of dishes for under $ 9 and there is tons of food . ,price
ss423,everything fresh and all full of flavor . ,products
ss424,"yuk . untuckit shirts fit my 5 ' 8 : husband to a glove- perfect . but the fabric is awfully cheap for a $ 90 + shirt "" and has a "" perma - smell "" that leads us to avoid this product . ” ",products
ss425,the only problem we really had was the ladies at the front office were sorta rude and looked annoyed at us . ,service
ss426,over charge and unfriendly when you ask about one thing or another 's price being too excessive or not on par with the local market ,service
ss427,this place has an abundance of selections the food is very fresh and the service is friendly highly recommend it great value for the money ! ,products
ss428,ladies at the counter are super helpful and friendly . ,service
ss429,"the guy working that day was borderline incompetent , unapologetic about how slow he was going , and overall unsympathetic ",service
ss430,"i got a margherita panini , which is one of their many veggie options , and my husband had a bison burger . ",products
ss431,expensive and really not that great . ,price
ss432,lots of free parking in the rear of the restaurant . ,environment
ss433,"the management is horrible , and deborah martin does not know how to conduct business as professional director ",service
ss434,"the food was n't half bad either , but i had the bar food staples . ",products
ss435,she was also completely unsanitary and unprofessional leaving the used wax strips on the chair i was laying on ,service
ss436,prices here are very reasonable ! ,price
ss437,"no sense in calling the head manager or owner , you wo n't get a response ",service
ss438,"the place was beautiful , immaculately clean , comfortable bedding   lovely sheets   and breakfast was delicious . ",environment
ss439,the prices are pretty steep at $ 8.99 for a thali style buffet lunch ,price
ss440,pizza was excellent . they have a nice sweet sauce . ,products
ss441,very dark and stylish and clearly they were aiming for something of a cross between a club feel date night and just a nice evening out that you would like to bring someone special . ,environment
ss442,i 've always had efficient service too ! ,service
ss443,"we never get utensils , and it takes a great deal of effort to flag anyone down for refills or to order food ",service
ss444,i have strict dietary needs and a manager was so helpful at looking up the info for me . ,service
ss445,all of the mexican food was half price . ,products
ss446,i can not believe someone was not satisfied with the quality of the chicken at this location ! ,products
ss447,he df maple roundie is the worst thing i ever ate . too heavy and way too much nutmeg leaving a film on my mouth . ,products
ss448,"my boyfriend ordered the tonkotsu ramen - nice after taste , but very salty . ",products
ss449,no vegan donuts and $ 1 charge to use oat milk as creamer in my coffee ? no thanks ! i get the draw but as a vegan this place is unfriendly . ,products
ss450,our server actually seemed annoyed that he had to talk with us ... just another table and more faces ... more orders ... move it along . ,service
ss451,they have some great offers going on now with even 70 % off on some items . ,price
ss452,"i am very dissatisfied with the customer service but on a positive note , i have no problem with the tanning equipment ",service
ss453,are they still open ? no web site and the phone number does n't work . ,service
ss454,hands down the best pizza in buckhead ! ! ! fresh good quality ingredients . a keeper ! ! ! ! ,products
ss455,it was clear that she was more concerned with being right than being helpful . ,service
ss456,i came on my lunch break and i was impressed with fast friendly service ,service
ss457,employees have horrible attitudes ! ,service
ss458,they have added some new smoothie flavors but i still stick to my standard . ,products
ss459,always a good time ! the food was on point as always .. they can cook a steak like no other ! sometimes better than the keg . ,products
ss460,the woman was unprofessional and disorganized and did not even remember that i had made an appointment ,service
ss461,the manager was incredibly rude and childish on the phone . ,service
ss462,"however , once our dinner came i thought the food was average at best . ",products
ss463,i tried them out today for the first time . food was great and all the staff was very friendly . ,products
ss464,"service was awful , bathrooms were filthy and wellesley 's stupid blue law about requiring every patron to order food while drinking is absurb . ",environment
ss465,the waiter was friendly and helpful ,service
ss466,prices were reasonable and mission accomplished ! ,price
ss467,drive all the way here to find it closed when it is said to be open on yelp and google ,none
ss468,"large selection of your standard beers , liquors and wines ... ",products
ss469,"3 stars because the server ,   waitress   was indifferent to our needs . ",service
ss470,appointment was quick and the staff was incredibly friendly . ,service
ss471,the fuck . . . ? they just increased their prices again !   they now have a 2.5 star rating . blaaaaaah . ,price
ss472,limited beer selection and food is over priced . service and atmosphere were good though . ,environment
ss473,service was super friendly and you 're immediately welcomed with a smile . ,service
ss474,"the service provider was very polite , professional , and considerate of being clean   he was courteous enough to remove his shoes before entering my home without me having to ask   ",service
ss475,this is also a good place for jewelry repairs as the prices are reasonable since this is something they just do on the side . ,price
ss476,they always make sure you know they 're here to help but at the same time not smother you like other stores do ,service
ss477,he cares about his clients and is always available when we need him . ,service
ss478,bad service . long wait time and no waiter serve us . empty tables inside and stand at the door for over 10 minutes but no one came to us . have to leave . ,service
ss479,"there 's nothing striking about the environment or decor here , but do not leave without trying the dried , sautéed green beans ",environment
ss480,my daughter brought me here for my birthday . had so much fun i did not recall leaving ! great selection . ,none
ss481,"well , massively disappointed with this place . fries were cold , i mean 5 hour cold ! ! the burger ? smashed together like they were trying to save space in bvb yge bag . ",products
ss482,clean process . we wash hands before even sitting down . feels good . every other seat for clients .   excellent service and massage ! thanks monica ! ,service
ss483,staff has been friendly every time . ,service
ss484,my manicure was sloppy and uneven . ,environment
ss485,prices are not bad and they have a good amount of seats   and take reservations   . ,environment
ss486,our order was wrong as well as missing items . ,service
ss487,"great ambiance , really good breakfast food and the best hours ever ",environment
ss488,my phone screen was replaced in 30 minutes and looks great . ,service
ss489,i then had my consultation with dr. kruy directly .... and it was free ! ,service
ss490,we were leasing from a remote location and he was informative and thorough in every step of the process . ,service
ss491,the environment was super sweet and people were nice ,environment
ss492,"friendly w / great customer service , reasonable prices , and a chill atmosphere ",environment
ss493,the ladies that work here are all so friendly ! ,service
ss494,"the food was not as good as i expected it to be , it was overpriced ",price
ss495,this is the best sushi in town ,products
ss496,and it 's terribly over priced for the quality . ,price
ss497,the waiter was also really nice and the atmosphere is beautiful . ,environment
ss498,if you have 4 hours for lunch you 'll have no problem eating here .   awful service which is a shame because their food is pretty good . ,products
ss499,"the doctor does not seem to be very knowledgeable , their treatment did not work . ",service
